name,rating,tag
Lazeez Grill family Restaurant Non Veg & Caterers,4.3(178),Restaurant
Non-Veg Restaurant,4.0(12),Non Vegetarian Restaurant
Lucky Restaurant,4.1(103),Non Vegetarian Restaurant
Eatry Zone,3.9(37),Fast Food
GAYTRI RESTAURANT,4.0(2),Restaurant
Ganesh Dining Hall,4.1(220),Vegetarian
CHECKMATE FAMILY RESTAURANT - Best Restaurant In Amreli,4.5(36),Restaurant
Shree Vallabh Restaurant,3.9(124),Fast Food
GAYTRI RESTAURANT,4.0(2),Restaurant
RADHE TERRACE FAMILY RESTAURANT,4.3(280),Fast Food
Lazeez Grill family Restaurant Non Veg & Caterers,4.3(178),Restaurant
Momai Dhaba,4.2,Gujarati restaurant
Pramukh Restaurant,3.0,Restaurant
GOKULAM CHINESE AND PUNJABI RESTAURANT,4.0,Punjabi
Bhavani Dining Hall,2.7,Restaurant
Pizza Point Amreli,4.1,Pizza
Rich Masala Pizza Point & Sandwich & Snacks & Grosseries,4.0,Fast Food
La Pino'z Pizza Amreli,4.1,Pizza
ğ€ğ¦ğ¢ğ«ğšğ¬ ğ‘ğğ¬ğ­ğšğ®ğ«ğšğ§ğ­ ğ€ğ¦ğ«ğğ¥ğ¢,4.1,South Indian
Akshar Restaurant,4.2,Restaurant
FOOD FOUNTAIN FAMILY RESTAURANT,4.5,Fast Food
Murlidhar Restaurant,4.7,Restaurant
"FOOD ADDA || Best Restaurant, Fast Food Restaurant, Dinner Restaurant, Cafe and Fastfood Restaurant",4.7,Restaurant
Ganesh Family Restaurant,4.7,Family-friendly
Shree Gayatri Farshan House,4.1,Fast Food
Pizza Point Amreli,"4.1(1,661)",Pizza restaurant
uspizaa Amreli,"4.5(4,726)",Pizza
Rich Masala Pizza Point & Sandwich & Snacks & Grosseries,4.0(2),Fast Food
La Pino'z Pizza Amreli,4.1(680),Pizza
Eatry Zone,3.9(37),Fast Food
"FOOD ADDA || Best Restaurant, Fast Food Restaurant, Dinner Restaurant, Cafe and Fastfood Restaurant",4.7(69),Restaurant
